{"stats":{"minecraft:used":{"immersive_aircraft:biplane":1},"minecraft:custom":{"minecraft:jump":30,"minecraft:time_since_rest":8227,"minecraft:damage_dealt":10,"minecraft:crouch_one_cm":212,"minecraft:leave_game":1,"minecraft:sprint_one_cm":3769,"minecraft:play_time":8227,"minecraft:walk_on_water_one_cm":225,"minecraft:time_since_death":8227,"minecraft:walk_one_cm":4198,"minecraft:sneak_time":38,"minecraft:total_world_time":8227,"minecraft:walk_under_water_one_cm":853,"minecraft:fall_one_cm":209,"minecraft:fly_one_cm":6907}},"DataVersion":3465}