{"stat.walkOneCm":15254,"stat.leaveGame":5,"stat.damageTaken":180,"stat.flyOneCm":19890,"stat.useItem.securitycraft.keypad_door_item":1,"stat.jump":171,"stat.mineBlock.minecraft.leaves":10,"stat.playOneMinute":33776,"stat.fallOneCm":4338,"stat.sneakTime":174,"stat.damageDealt":40,"stat.crouchOneCm":434,"stat.timeSinceDeath":33776,"stat.pickup.minecraft.sapling":1,"stat.pickup.minecraft.dirt":6,"stat.useItem.minecraft.dirt":3,"stat.sprintOneCm":8545,"stat.mineBlock.minecraft.dirt":6,"stat.useItem.minecraft.stone_slab2":1,"stat.pickup.securitycraft.keypad_door_item":1}