{"stats":{"minecraft:used":{"immersive_aircraft:quadrocopter":1,"immersive_aircraft:cargo_airship":1,"smallships:acacia_brigg":1,"man_of_many_planes:scarlet_biplane":1,"immersive_aircraft:airship":1,"minecraft:ender_pearl":1,"minecraft:bee_nest":1,"immersive_aircraft:biplane":1,"securitycraft:keypad_door_item":1,"smallships:dark_oak_galley":1,"immersive_aircraft:warship":1,"man_of_many_planes:economy_plane":1},"minecraft:dropped":{"immersive_aircraft:airship":1},"minecraft:picked_up":{"immersive_aircraft:airship":1},"minecraft:custom":{"minecraft:time_since_rest":28410,"minecraft:crouch_one_cm":707,"minecraft:sprint_one_cm":13629,"minecraft:play_time":28410,"minecraft:walk_one_cm":33909,"minecraft:sneak_time":432,"minecraft:walk_under_water_one_cm":1342,"minecraft:mob_kills":1,"minecraft:drop":1,"minecraft:boat_one_cm":132601,"minecraft:jump":94,"minecraft:damage_dealt":10,"minecraft:leave_game":2,"minecraft:walk_on_water_one_cm":2345,"minecraft:time_since_death":28410,"minecraft:total_world_time":28410,"minecraft:fall_one_cm":209,"minecraft:fly_one_cm":38728},"minecraft:killed":{"minecraft:salmon":1}},"DataVersion":3465}