{"stats":{"minecraft:used":{"immersive_aircraft:airship":1,"immersive_aircraft:cargo_airship":1,"immersive_aircraft:quadrocopter":1,"immersive_aircraft:biplane":1,"immersive_aircraft:warship":1},"minecraft:custom":{"minecraft:jump":62,"minecraft:time_since_rest":16601,"minecraft:damage_dealt":10,"minecraft:crouch_one_cm":289,"minecraft:leave_game":1,"minecraft:play_time":16601,"minecraft:sprint_one_cm":7390,"minecraft:time_since_death":16601,"minecraft:walk_on_water_one_cm":225,"minecraft:walk_one_cm":18475,"minecraft:sneak_time":286,"minecraft:total_world_time":16601,"minecraft:walk_under_water_one_cm":853,"minecraft:fall_one_cm":209,"minecraft:fly_one_cm":13591}},"DataVersion":3465}