{"stats":{"minecraft:used":{"immersive_aircraft:quadrocopter":1,"immersive_aircraft:cargo_airship":2,"smallships:acacia_brigg":1,"man_of_many_planes:scarlet_biplane":2,"immersive_aircraft:airship":1,"immersive_aircraft:gyrodyne":1,"minecraft:ender_pearl":2,"minecraft:bee_nest":2,"immersive_aircraft:biplane":1,"securitycraft:keypad_door_item":2,"smallships:dark_oak_galley":1,"immersive_aircraft:warship":2,"man_of_many_planes:economy_plane":2},"minecraft:dropped":{"immersive_aircraft:airship":1},"minecraft:picked_up":{"minecraft:arrow":1,"minecraft:dandelion":1,"immersive_aircraft:airship":1},"minecraft:custom":{"minecraft:time_since_rest":39680,"minecraft:crouch_one_cm":1386,"minecraft:sprint_one_cm":15790,"minecraft:play_time":39680,"minecraft:walk_one_cm":56667,"minecraft:sneak_time":693,"minecraft:walk_under_water_one_cm":3203,"minecraft:mob_kills":1,"minecraft:drop":1,"minecraft:boat_one_cm":191164,"minecraft:jump":152,"minecraft:damage_dealt":58,"minecraft:leave_game":3,"minecraft:walk_on_water_one_cm":5136,"minecraft:time_since_death":39680,"minecraft:total_world_time":39680,"minecraft:fall_one_cm":209,"minecraft:fly_one_cm":122009},"minecraft:killed":{"minecraft:salmon":1}},"DataVersion":3465}