{"stat.walkOneCm":14756,"stat.leaveGame":4,"stat.damageTaken":180,"stat.flyOneCm":19606,"stat.useItem.securitycraft.keypad_door_item":1,"stat.jump":167,"stat.mineBlock.minecraft.leaves":10,"stat.playOneMinute":26148,"stat.fallOneCm":4338,"stat.sneakTime":164,"stat.damageDealt":40,"stat.crouchOneCm":388,"stat.timeSinceDeath":26148,"stat.pickup.minecraft.sapling":1,"stat.pickup.minecraft.dirt":6,"stat.useItem.minecraft.dirt":3,"stat.sprintOneCm":8370,"stat.mineBlock.minecraft.dirt":6,"stat.useItem.minecraft.stone_slab2":1,"stat.pickup.securitycraft.keypad_door_item":1}